"Source:","C:\Users\gabri\Downloads\SEMB1 - PRJ3\SEMB1 - PRJ2.kicad_sch"
"Date:","04/02/2023 01:34:07"
"Tool:","Eeschema (6.0.1)"
"Generator:","C:\Program Files\KiCad\6.0\bin\scripting\plugins/bom_csv_grouped_by_value_with_fp.py"
"Component Count:","41"
"Ref","Qnty","Value","Cmp name","Footprint","Description","Vendor"
"C1, C2, C3, C4, C5, C9, C10, C11, ","8","100nF","C","Capacitor_SMD:C_0805_2012Metric","Unpolarized capacitor",""
"C6, ","1","1uF","C","Capacitor_SMD:C_1206_3216Metric","Unpolarized capacitor",""
"C7, ","1","220uF","C_Polarized","Capacitor_THT:CP_Radial_D10.0mm_P7.50mm","Polarized capacitor",""
"C8, C12, C13, ","3","10uF","C","Capacitor_SMD:C_0805_2012Metric","Unpolarized capacitor",""
"D1, D2, D3, ","3","LED","LED","LED_SMD:LED_0805_2012Metric","Light emitting diode",""
"D4, ","1","1N4007","1N4007","Diode_THT:D_DO-41_SOD81_P10.16mm_Horizontal","1000V 1A General Purpose Rectifier Diode, DO-41",""
"F1, ","1","SF-2410SP050W-2","SF-2410SP050W-2","SamacSys_Parts:FUSC6125X236N","Surface Mount Fuses 0.5A Time Lag 2410 SinglFuse",""
"J1, ","1","TB007-508-02BE","Screw_Terminal_01x02","TerminalBlock:TerminalBlock_bornier-2_P5.08mm","Generic screw terminal, single row, 01x02, script generated (kicad-library-utils/schlib/autogen/connector/)",""
"J2, ","1","Conn_01x05","Conn_01x05","Connector_PinHeader_2.54mm:PinHeader_1x05_P2.54mm_Vertical","Generic connector, single row, 01x05, script generated (kicad-library-utils/schlib/autogen/connector/)",""
"J3, ","1","Conn_01x02","Conn_01x02","TerminalBlock_Phoenix:TerminalBlock_Phoenix_MKDS-1,5-2-5.08_1x02_P5.08mm_Horizontal","Generic connector, single row, 01x02, script generated (kicad-library-utils/schlib/autogen/connector/)",""
"K1, ","1","SANYOU_SRD_Form_A","SANYOU_SRD_Form_A","Relay_THT:Relay_SPST_SANYOU_SRD_Series_Form_A","Sanyo SRD relay, Single Pole Miniature Power Relay, Closing Contact",""
"L1, ","1","L","L","Inductor_SMD:L_0805_2012Metric","Inductor",""
"PS1, ","1","HLK-PM12","HLK-PM12","Converter_ACDC:Converter_ACDC_HiLink_HLK-PMxx","Compact AC/DC board mount power module 3W 12V",""
"Q1, ","1","BC547","BC547","Package_TO_SOT_THT:TO-92_Inline","0.1A Ic, 45V Vce, Small Signal NPN Transistor, TO-92",""
"R1, R6, ","2","10k","R","Resistor_SMD:R_0805_2012Metric","Resistor",""
"R2, R3, ","2","330R","R","Resistor_SMD:R_0805_2012Metric","Resistor",""
"R4, ","1","9.1k","R","Resistor_SMD:R_0805_2012Metric","Resistor",""
"R5, ","1","400","R","Resistor_SMD:R_0805_2012Metric","Resistor",""
"RV1, ","1","MOV-10D561K","Varistor","Varistor:RV_Disc_D7mm_W4.3mm_P5mm","Voltage dependent resistor",""
"RV2, ","1","R_Potentiometer","R_Potentiometer","Potentiometer_THT:Potentiometer_Alps_RK097_Single_Horizontal","Potentiometer",""
"SW1, SW2, SW3, ","3","SW_MEC_5E","SW_MEC_5E","Button_Switch_SMD:SW_SPST_Omron_B3FS-100xP","MEC 5E single pole normally-open tactile switch",""
"U1, ","1","STM32F401CCUx","STM32F401CCUx","Package_DFN_QFN:QFN-48-1EP_7x7mm_P0.5mm_EP5.6x5.6mm","ARM Cortex-M4 MCU, 256KB flash, 64KB RAM, 84MHz, 1.7-3.6V, 36 GPIO, UFQFPN-48",""
"U2, ","1","LM1117-3.3","LM1117-3.3","Package_TO_SOT_SMD:SOT-223-3_TabPin2","800mA Low-Dropout Linear Regulator, 3.3V fixed output, TO-220/TO-252/TO-263/SOT-223",""
"U3, ","1","Sensor de Umidade","Conn_01x03","Connector_PinHeader_2.54mm:PinHeader_1x03_P2.54mm_Vertical","Generic connector, single row, 01x03, script generated (kicad-library-utils/schlib/autogen/connector/)",""
"U4, ","1","Basic Character LCD","LCD-016N002L","Connector_PinHeader_2.54mm:PinHeader_1x16_P2.54mm_Vertical","LCD 12x2, 8 bit parallel bus, 3V or 5V VDD",""
"U5, ","1","W25Q32JVSS","W25Q32JVSS","Package_SO:SOIC-8_5.23x5.23mm_P1.27mm","32Mb Serial Flash Memory, Standard/Dual/Quad SPI, SOIC-8",""
