<?xml version="1.0" encoding="UTF-8"?>
<export version="E">
  <design>
    <source>C:\Users\gabri\Downloads\SEMB1 - PRJ3\SEMB1 - PRJ2.kicad_sch</source>
    <date>04/02/2023 01:34:07</date>
    <tool>Eeschema (6.0.1)</tool>
    <sheet number="1" name="/" tstamps="/">
      <title_block>
        <title/>
        <company/>
        <rev/>
        <date/>
        <source>SEMB1 - PRJ2.kicad_sch</source>
        <comment number="1" value=""/>
        <comment number="2" value=""/>
        <comment number="3" value=""/>
        <comment number="4" value=""/>
        <comment number="5" value=""/>
        <comment number="6" value=""/>
        <comment number="7" value=""/>
        <comment number="8" value=""/>
        <comment number="9" value=""/>
      </title_block>
    </sheet>
  </design>
  <components>
    <comp ref="C1">
      <value>100nF</value>
      <footprint>Capacitor_SMD:C_0805_2012Metric</footprint>
      <libsource lib="Device" part="C" description="Unpolarized capacitor"/>
      <property name="Sheetname" value=""/>
      <property name="Sheetfile" value="SEMB1 - PRJ2.kicad_sch"/>
      <sheetpath names="/" tstamps="/"/>
      <tstamps>91820f09-47d9-40eb-b1b6-16f1135ada27</tstamps>
    </comp>
    <comp ref="C2">
      <value>100nF</value>
      <footprint>Capacitor_SMD:C_0805_2012Metric</footprint>
      <libsource lib="Device" part="C" description="Unpolarized capacitor"/>
      <property name="Sheetname" value=""/>
      <property name="Sheetfile" value="SEMB1 - PRJ2.kicad_sch"/>
      <sheetpath names="/" tstamps="/"/>
      <tstamps>7a6758bc-2a97-42d9-8ffc-c19c0651605d</tstamps>
    </comp>
    <comp ref="C3">
      <value>100nF</value>
      <footprint>Capacitor_SMD:C_0805_2012Metric</footprint>
      <libsource lib="Device" part="C" description="Unpolarized capacitor"/>
      <property name="Sheetname" value=""/>
      <property name="Sheetfile" value="SEMB1 - PRJ2.kicad_sch"/>
      <sheetpath names="/" tstamps="/"/>
      <tstamps>280a8b2e-402f-46d5-9c44-75ba7972c3ed</tstamps>
    </comp>
    <comp ref="C4">
      <value>100nF</value>
      <footprint>Capacitor_SMD:C_0805_2012Metric</footprint>
      <libsource lib="Device" part="C" description="Unpolarized capacitor"/>
      <property name="Sheetname" value=""/>
      <property name="Sheetfile" value="SEMB1 - PRJ2.kicad_sch"/>
      <sheetpath names="/" tstamps="/"/>
      <tstamps>f03273a2-e795-42cf-a1fc-349302185554</tstamps>
    </comp>
    <comp ref="C5">
      <value>100nF</value>
      <footprint>Capacitor_SMD:C_0805_2012Metric</footprint>
      <libsource lib="Device" part="C" description="Unpolarized capacitor"/>
      <property name="Sheetname" value=""/>
      <property name="Sheetfile" value="SEMB1 - PRJ2.kicad_sch"/>
      <sheetpath names="/" tstamps="/"/>
      <tstamps>29e0f446-ecc3-48bd-a35d-6b8439fdc774</tstamps>
    </comp>
    <comp ref="C6">
      <value>1uF</value>
      <footprint>Capacitor_SMD:C_1206_3216Metric</footprint>
      <libsource lib="Device" part="C" description="Unpolarized capacitor"/>
      <property name="Sheetname" value=""/>
      <property name="Sheetfile" value="SEMB1 - PRJ2.kicad_sch"/>
      <sheetpath names="/" tstamps="/"/>
      <tstamps>6475e269-8985-4f99-bbf8-17aced47037c</tstamps>
    </comp>
    <comp ref="C7">
      <value>220uF</value>
      <footprint>Capacitor_THT:CP_Radial_D10.0mm_P7.50mm</footprint>
      <datasheet>EEE-FP1E221AL</datasheet>
      <libsource lib="Device" part="C_Polarized" description="Polarized capacitor"/>
      <property name="Sheetname" value=""/>
      <property name="Sheetfile" value="SEMB1 - PRJ2.kicad_sch"/>
      <sheetpath names="/" tstamps="/"/>
      <tstamps>e67cd067-3872-453e-a08c-fde9e9357fb5</tstamps>
    </comp>
    <comp ref="C8">
      <value>10uF</value>
      <footprint>Capacitor_SMD:C_0805_2012Metric</footprint>
      <datasheet>A766KE106M1ELAE060</datasheet>
      <libsource lib="Device" part="C" description="Unpolarized capacitor"/>
      <property name="Sheetname" value=""/>
      <property name="Sheetfile" value="SEMB1 - PRJ2.kicad_sch"/>
      <sheetpath names="/" tstamps="/"/>
      <tstamps>daf3fe11-1d3b-4a64-84cd-a1d3a55f499f</tstamps>
    </comp>
    <comp ref="C9">
      <value>100nF</value>
      <footprint>Capacitor_SMD:C_0805_2012Metric</footprint>
      <libsource lib="Device" part="C" description="Unpolarized capacitor"/>
      <property name="Sheetname" value=""/>
      <property name="Sheetfile" value="SEMB1 - PRJ2.kicad_sch"/>
      <sheetpath names="/" tstamps="/"/>
      <tstamps>63a8ed76-5a53-40c9-ba43-5100324a4390</tstamps>
    </comp>
    <comp ref="C10">
      <value>100nF</value>
      <footprint>Capacitor_SMD:C_0805_2012Metric</footprint>
      <libsource lib="Device" part="C" description="Unpolarized capacitor"/>
      <property name="Sheetname" value=""/>
      <property name="Sheetfile" value="SEMB1 - PRJ2.kicad_sch"/>
      <sheetpath names="/" tstamps="/"/>
      <tstamps>608dd0ef-8cea-48e4-940e-30d0be82bced</tstamps>
    </comp>
    <comp ref="C11">
      <value>100nF</value>
      <footprint>Capacitor_SMD:C_0805_2012Metric</footprint>
      <libsource lib="Device" part="C" description="Unpolarized capacitor"/>
      <property name="Sheetname" value=""/>
      <property name="Sheetfile" value="SEMB1 - PRJ2.kicad_sch"/>
      <sheetpath names="/" tstamps="/"/>
      <tstamps>d9988d6f-a5d5-4301-bbc6-94bfe2778da0</tstamps>
    </comp>
    <comp ref="C12">
      <value>10uF</value>
      <footprint>Capacitor_SMD:C_0805_2012Metric</footprint>
      <datasheet>A766KE106M1ELAE060</datasheet>
      <libsource lib="Device" part="C" description="Unpolarized capacitor"/>
      <property name="Sheetname" value=""/>
      <property name="Sheetfile" value="SEMB1 - PRJ2.kicad_sch"/>
      <sheetpath names="/" tstamps="/"/>
      <tstamps>0494c5f4-9840-46c0-85bc-e813b73e8a26</tstamps>
    </comp>
    <comp ref="C13">
      <value>10uF</value>
      <footprint>Capacitor_SMD:C_0805_2012Metric</footprint>
      <datasheet>A766KE106M1ELAE060</datasheet>
      <libsource lib="Device" part="C" description="Unpolarized capacitor"/>
      <property name="Sheetname" value=""/>
      <property name="Sheetfile" value="SEMB1 - PRJ2.kicad_sch"/>
      <sheetpath names="/" tstamps="/"/>
      <tstamps>16a3b130-7808-452c-81dc-82f9038d152a</tstamps>
    </comp>
    <comp ref="D1">
      <value>LED</value>
      <footprint>LED_SMD:LED_0805_2012Metric</footprint>
      <libsource lib="Device" part="LED" description="Light emitting diode"/>
      <property name="Sheetname" value=""/>
      <property name="Sheetfile" value="SEMB1 - PRJ2.kicad_sch"/>
      <sheetpath names="/" tstamps="/"/>
      <tstamps>757c3e3c-9374-444a-9b7d-1c4c6099f86d</tstamps>
    </comp>
    <comp ref="D2">
      <value>LED</value>
      <footprint>LED_SMD:LED_0805_2012Metric</footprint>
      <libsource lib="Device" part="LED" description="Light emitting diode"/>
      <property name="Sheetname" value=""/>
      <property name="Sheetfile" value="SEMB1 - PRJ2.kicad_sch"/>
      <sheetpath names="/" tstamps="/"/>
      <tstamps>d3a3c3d6-b8ca-4795-9a9c-43d642c40538</tstamps>
    </comp>
    <comp ref="D3">
      <value>LED</value>
      <footprint>LED_SMD:LED_0805_2012Metric</footprint>
      <libsource lib="Device" part="LED" description="Light emitting diode"/>
      <property name="Sheetname" value=""/>
      <property name="Sheetfile" value="SEMB1 - PRJ2.kicad_sch"/>
      <sheetpath names="/" tstamps="/"/>
      <tstamps>157c80df-4784-41b8-897e-4154e3630782</tstamps>
    </comp>
    <comp ref="D4">
      <value>1N4007</value>
      <footprint>Diode_THT:D_DO-41_SOD81_P10.16mm_Horizontal</footprint>
      <datasheet>http://www.vishay.com/docs/88503/1n4001.pdf</datasheet>
      <libsource lib="Diode" part="1N4007" description="1000V 1A General Purpose Rectifier Diode, DO-41"/>
      <property name="Sheetname" value=""/>
      <property name="Sheetfile" value="SEMB1 - PRJ2.kicad_sch"/>
      <sheetpath names="/" tstamps="/"/>
      <tstamps>d68ad7e7-dc66-4aef-a66f-b69089669bfd</tstamps>
    </comp>
    <comp ref="F1">
      <value>SF-2410SP050W-2</value>
      <footprint>SamacSys_Parts:FUSC6125X236N</footprint>
      <datasheet>https://www.bourns.com/docs/Product-Datasheets/SF-2410SPxxxW.pdf</datasheet>
      <fields>
        <field name="Description">Surface Mount Fuses 0.5A Time Lag 2410 SinglFuse</field>
        <field name="Height">2.36</field>
        <field name="Manufacturer_Name">Bourns</field>
        <field name="Manufacturer_Part_Number">SF-2410SP050W-2</field>
        <field name="Mouser Part Number">652-SF-2410SP050W-2</field>
        <field name="Mouser Price/Stock">https://www.mouser.co.uk/ProductDetail/Bourns/SF-2410SP050W-2?qs=55YtniHzbhAbLtmcAyIlLQ%3D%3D</field>
      </fields>
      <libsource lib="SamacSys_Parts" part="SF-2410SP050W-2" description="Surface Mount Fuses 0.5A Time Lag 2410 SinglFuse"/>
      <property name="Description" value="Surface Mount Fuses 0.5A Time Lag 2410 SinglFuse"/>
      <property name="Height" value="2.36"/>
      <property name="Mouser Part Number" value="652-SF-2410SP050W-2"/>
      <property name="Mouser Price/Stock" value="https://www.mouser.co.uk/ProductDetail/Bourns/SF-2410SP050W-2?qs=55YtniHzbhAbLtmcAyIlLQ%3D%3D"/>
      <property name="Manufacturer_Name" value="Bourns"/>
      <property name="Manufacturer_Part_Number" value="SF-2410SP050W-2"/>
      <property name="Sheetname" value=""/>
      <property name="Sheetfile" value="SEMB1 - PRJ2.kicad_sch"/>
      <sheetpath names="/" tstamps="/"/>
      <tstamps>59b1e58b-1e7b-47c7-8399-5ec27b1592d2</tstamps>
    </comp>
    <comp ref="J1">
      <value>TB007-508-02BE</value>
      <footprint>TerminalBlock:TerminalBlock_bornier-2_P5.08mm</footprint>
      <libsource lib="Connector" part="Screw_Terminal_01x02" description="Generic screw terminal, single row, 01x02, script generated (kicad-library-utils/schlib/autogen/connector/)"/>
      <property name="Sheetname" value=""/>
      <property name="Sheetfile" value="SEMB1 - PRJ2.kicad_sch"/>
      <sheetpath names="/" tstamps="/"/>
      <tstamps>0d4de0fd-0da0-4a55-998b-0d3c163715e9</tstamps>
    </comp>
    <comp ref="J2">
      <value>Conn_01x05</value>
      <footprint>Connector_PinHeader_2.54mm:PinHeader_1x05_P2.54mm_Vertical</footprint>
      <libsource lib="Connector_Generic" part="Conn_01x05" description="Generic connector, single row, 01x05, script generated (kicad-library-utils/schlib/autogen/connector/)"/>
      <property name="Sheetname" value=""/>
      <property name="Sheetfile" value="SEMB1 - PRJ2.kicad_sch"/>
      <sheetpath names="/" tstamps="/"/>
      <tstamps>1a3afe3d-2e1b-4688-ab95-c64d2e805cea</tstamps>
    </comp>
    <comp ref="J3">
      <value>Conn_01x02</value>
      <footprint>TerminalBlock_Phoenix:TerminalBlock_Phoenix_MKDS-1,5-2-5.08_1x02_P5.08mm_Horizontal</footprint>
      <libsource lib="Connector_Generic" part="Conn_01x02" description="Generic connector, single row, 01x02, script generated (kicad-library-utils/schlib/autogen/connector/)"/>
      <property name="Sheetname" value=""/>
      <property name="Sheetfile" value="SEMB1 - PRJ2.kicad_sch"/>
      <sheetpath names="/" tstamps="/"/>
      <tstamps>2aaa6498-6688-485d-bcff-26b6b1b25368</tstamps>
    </comp>
    <comp ref="K1">
      <value>SANYOU_SRD_Form_A</value>
      <footprint>Relay_THT:Relay_SPST_SANYOU_SRD_Series_Form_A</footprint>
      <datasheet>http://www.sanyourelay.ca/public/products/pdf/SRD.pdf</datasheet>
      <libsource lib="Relay" part="SANYOU_SRD_Form_A" description="Sanyo SRD relay, Single Pole Miniature Power Relay, Closing Contact"/>
      <property name="Sheetname" value=""/>
      <property name="Sheetfile" value="SEMB1 - PRJ2.kicad_sch"/>
      <sheetpath names="/" tstamps="/"/>
      <tstamps>e4cb09d8-9c0b-49d2-83a3-347ad7cf7057</tstamps>
    </comp>
    <comp ref="L1">
      <value>L</value>
      <footprint>Inductor_SMD:L_0805_2012Metric</footprint>
      <libsource lib="Device" part="L" description="Inductor"/>
      <property name="Sheetname" value=""/>
      <property name="Sheetfile" value="SEMB1 - PRJ2.kicad_sch"/>
      <sheetpath names="/" tstamps="/"/>
      <tstamps>fe814748-4497-4f87-bdfb-8c357d5b576d</tstamps>
    </comp>
    <comp ref="PS1">
      <value>HLK-PM12</value>
      <footprint>Converter_ACDC:Converter_ACDC_HiLink_HLK-PMxx</footprint>
      <datasheet>http://www.hlktech.net/product_detail.php?ProId=56</datasheet>
      <libsource lib="Converter_ACDC" part="HLK-PM12" description="Compact AC/DC board mount power module 3W 12V"/>
      <property name="Sheetname" value=""/>
      <property name="Sheetfile" value="SEMB1 - PRJ2.kicad_sch"/>
      <sheetpath names="/" tstamps="/"/>
      <tstamps>5c09b685-d3cf-4de4-a05b-d09dd5aac7d6</tstamps>
    </comp>
    <comp ref="Q1">
      <value>BC547</value>
      <footprint>Package_TO_SOT_THT:TO-92_Inline</footprint>
      <datasheet>https://www.onsemi.com/pub/Collateral/BC550-D.pdf</datasheet>
      <libsource lib="Transistor_BJT" part="BC547" description="0.1A Ic, 45V Vce, Small Signal NPN Transistor, TO-92"/>
      <property name="Sheetname" value=""/>
      <property name="Sheetfile" value="SEMB1 - PRJ2.kicad_sch"/>
      <sheetpath names="/" tstamps="/"/>
      <tstamps>6644d50d-51e0-4977-a834-3714916b65c6</tstamps>
    </comp>
    <comp ref="R1">
      <value>10k</value>
      <footprint>Resistor_SMD:R_0805_2012Metric</footprint>
      <libsource lib="Device" part="R" description="Resistor"/>
      <property name="Sheetname" value=""/>
      <property name="Sheetfile" value="SEMB1 - PRJ2.kicad_sch"/>
      <sheetpath names="/" tstamps="/"/>
      <tstamps>d243e848-93ed-4acf-b736-b8a21d06c4ba</tstamps>
    </comp>
    <comp ref="R2">
      <value>330R</value>
      <footprint>Resistor_SMD:R_0805_2012Metric</footprint>
      <libsource lib="Device" part="R" description="Resistor"/>
      <property name="Sheetname" value=""/>
      <property name="Sheetfile" value="SEMB1 - PRJ2.kicad_sch"/>
      <sheetpath names="/" tstamps="/"/>
      <tstamps>7790802a-d554-4709-8f00-77729ed708df</tstamps>
    </comp>
    <comp ref="R3">
      <value>330R</value>
      <footprint>Resistor_SMD:R_0805_2012Metric</footprint>
      <libsource lib="Device" part="R" description="Resistor"/>
      <property name="Sheetname" value=""/>
      <property name="Sheetfile" value="SEMB1 - PRJ2.kicad_sch"/>
      <sheetpath names="/" tstamps="/"/>
      <tstamps>0c10016c-64a7-4500-9173-1ec584a6a98b</tstamps>
    </comp>
    <comp ref="R4">
      <value>9.1k</value>
      <footprint>Resistor_SMD:R_0805_2012Metric</footprint>
      <libsource lib="Device" part="R" description="Resistor"/>
      <property name="Sheetname" value=""/>
      <property name="Sheetfile" value="SEMB1 - PRJ2.kicad_sch"/>
      <sheetpath names="/" tstamps="/"/>
      <tstamps>b54a0d2a-242e-4195-9542-433de6caffff</tstamps>
    </comp>
    <comp ref="R5">
      <value>400</value>
      <footprint>Resistor_SMD:R_0805_2012Metric</footprint>
      <libsource lib="Device" part="R" description="Resistor"/>
      <property name="Sheetname" value=""/>
      <property name="Sheetfile" value="SEMB1 - PRJ2.kicad_sch"/>
      <sheetpath names="/" tstamps="/"/>
      <tstamps>fd3c4e3d-1c05-461a-97ff-ba5a25462f97</tstamps>
    </comp>
    <comp ref="R6">
      <value>10k</value>
      <footprint>Resistor_SMD:R_0805_2012Metric</footprint>
      <libsource lib="Device" part="R" description="Resistor"/>
      <property name="Sheetname" value=""/>
      <property name="Sheetfile" value="SEMB1 - PRJ2.kicad_sch"/>
      <sheetpath names="/" tstamps="/"/>
      <tstamps>b81d51f2-fd57-4fa0-8106-e43adf7294f5</tstamps>
    </comp>
    <comp ref="RV1">
      <value>MOV-10D561K</value>
      <footprint>Varistor:RV_Disc_D7mm_W4.3mm_P5mm</footprint>
      <libsource lib="Device" part="Varistor" description="Voltage dependent resistor"/>
      <property name="Sheetname" value=""/>
      <property name="Sheetfile" value="SEMB1 - PRJ2.kicad_sch"/>
      <sheetpath names="/" tstamps="/"/>
      <tstamps>d78a2a40-8efc-469b-9c22-f75d9e9b9cdc</tstamps>
    </comp>
    <comp ref="RV2">
      <value>R_Potentiometer</value>
      <footprint>Potentiometer_THT:Potentiometer_Alps_RK097_Single_Horizontal</footprint>
      <libsource lib="Device" part="R_Potentiometer" description="Potentiometer"/>
      <property name="Sheetname" value=""/>
      <property name="Sheetfile" value="SEMB1 - PRJ2.kicad_sch"/>
      <sheetpath names="/" tstamps="/"/>
      <tstamps>c1de6cc1-7d19-431a-9868-f29940836ce6</tstamps>
    </comp>
    <comp ref="SW1">
      <value>SW_MEC_5E</value>
      <footprint>Button_Switch_SMD:SW_SPST_Omron_B3FS-100xP</footprint>
      <datasheet>http://www.apem.com/int/index.php?controller=attachment&amp;id_attachment=1371</datasheet>
      <libsource lib="Switch" part="SW_MEC_5E" description="MEC 5E single pole normally-open tactile switch"/>
      <property name="Sheetname" value=""/>
      <property name="Sheetfile" value="SEMB1 - PRJ2.kicad_sch"/>
      <sheetpath names="/" tstamps="/"/>
      <tstamps>bc2ae153-e72d-4f62-822b-b8938bf03172</tstamps>
    </comp>
    <comp ref="SW2">
      <value>SW_MEC_5E</value>
      <footprint>Button_Switch_SMD:SW_SPST_Omron_B3FS-100xP</footprint>
      <datasheet>http://www.apem.com/int/index.php?controller=attachment&amp;id_attachment=1371</datasheet>
      <libsource lib="Switch" part="SW_MEC_5E" description="MEC 5E single pole normally-open tactile switch"/>
      <property name="Sheetname" value=""/>
      <property name="Sheetfile" value="SEMB1 - PRJ2.kicad_sch"/>
      <sheetpath names="/" tstamps="/"/>
      <tstamps>bfe0b2f0-a264-4ef0-9270-9c3d6f796d04</tstamps>
    </comp>
    <comp ref="SW3">
      <value>SW_MEC_5E</value>
      <footprint>Button_Switch_SMD:SW_SPST_Omron_B3FS-100xP</footprint>
      <datasheet>http://www.apem.com/int/index.php?controller=attachment&amp;id_attachment=1371</datasheet>
      <libsource lib="Switch" part="SW_MEC_5E" description="MEC 5E single pole normally-open tactile switch"/>
      <property name="Sheetname" value=""/>
      <property name="Sheetfile" value="SEMB1 - PRJ2.kicad_sch"/>
      <sheetpath names="/" tstamps="/"/>
      <tstamps>83e35b55-aca5-426f-87d4-f18163f31810</tstamps>
    </comp>
    <comp ref="U1">
      <value>STM32F401CCUx</value>
      <footprint>Package_DFN_QFN:QFN-48-1EP_7x7mm_P0.5mm_EP5.6x5.6mm</footprint>
      <datasheet>http://www.st.com/st-web-ui/static/active/en/resource/technical/document/datasheet/DM00086815.pdf</datasheet>
      <libsource lib="MCU_ST_STM32F4" part="STM32F401CCUx" description="ARM Cortex-M4 MCU, 256KB flash, 64KB RAM, 84MHz, 1.7-3.6V, 36 GPIO, UFQFPN-48"/>
      <property name="Sheetname" value=""/>
      <property name="Sheetfile" value="SEMB1 - PRJ2.kicad_sch"/>
      <sheetpath names="/" tstamps="/"/>
      <tstamps>1c3e62a4-0985-4ac5-a934-9d1597af9ab6</tstamps>
    </comp>
    <comp ref="U2">
      <value>LM1117-3.3</value>
      <footprint>Package_TO_SOT_SMD:SOT-223-3_TabPin2</footprint>
      <datasheet>http://www.ti.com/lit/ds/symlink/lm1117.pdf</datasheet>
      <libsource lib="Regulator_Linear" part="LM1117-3.3" description="800mA Low-Dropout Linear Regulator, 3.3V fixed output, TO-220/TO-252/TO-263/SOT-223"/>
      <property name="Sheetname" value=""/>
      <property name="Sheetfile" value="SEMB1 - PRJ2.kicad_sch"/>
      <sheetpath names="/" tstamps="/"/>
      <tstamps>0d4d7252-ab02-4630-8236-71f64fd35d19</tstamps>
    </comp>
    <comp ref="U3">
      <value>Sensor de Umidade</value>
      <footprint>Connector_PinHeader_2.54mm:PinHeader_1x03_P2.54mm_Vertical</footprint>
      <libsource lib="Connector_Generic" part="Conn_01x03" description="Generic connector, single row, 01x03, script generated (kicad-library-utils/schlib/autogen/connector/)"/>
      <property name="Sheetname" value=""/>
      <property name="Sheetfile" value="SEMB1 - PRJ2.kicad_sch"/>
      <sheetpath names="/" tstamps="/"/>
      <tstamps>b2f7c768-ce6d-4c3a-93f8-bd0679fea6a4</tstamps>
    </comp>
    <comp ref="U4">
      <value>Basic Character LCD</value>
      <footprint>Connector_PinHeader_2.54mm:PinHeader_1x16_P2.54mm_Vertical</footprint>
      <datasheet>http://www.vishay.com/docs/37299/37299.pdf</datasheet>
      <libsource lib="Display_Character" part="LCD-016N002L" description="LCD 12x2, 8 bit parallel bus, 3V or 5V VDD"/>
      <property name="Sheetname" value=""/>
      <property name="Sheetfile" value="SEMB1 - PRJ2.kicad_sch"/>
      <sheetpath names="/" tstamps="/"/>
      <tstamps>2dc703e7-88ce-49b9-9875-a2d6f71810a4</tstamps>
    </comp>
    <comp ref="U5">
      <value>W25Q32JVSS</value>
      <footprint>Package_SO:SOIC-8_5.23x5.23mm_P1.27mm</footprint>
      <datasheet>http://www.winbond.com/resource-files/w25q32jv%20revg%2003272018%20plus.pdf</datasheet>
      <libsource lib="Memory_Flash" part="W25Q32JVSS" description="32Mb Serial Flash Memory, Standard/Dual/Quad SPI, SOIC-8"/>
      <property name="Sheetname" value=""/>
      <property name="Sheetfile" value="SEMB1 - PRJ2.kicad_sch"/>
      <sheetpath names="/" tstamps="/"/>
      <tstamps>c0bb6efd-7513-4ad7-8dc2-684c6a29a184</tstamps>
    </comp>
  </components>
  <libparts>
    <libpart lib="Connector" part="Screw_Terminal_01x02">
      <description>Generic screw terminal, single row, 01x02, script generated (kicad-library-utils/schlib/autogen/connector/)</description>
      <docs>~</docs>
      <footprints>
        <fp>TerminalBlock*:*</fp>
      </footprints>
      <fields>
        <field name="Reference">J</field>
        <field name="Value">Screw_Terminal_01x02</field>
        <field name="Datasheet">~</field>
      </fields>
      <pins>
        <pin num="1" name="Pin_1" type="passive"/>
        <pin num="2" name="Pin_2" type="passive"/>
      </pins>
    </libpart>
    <libpart lib="Connector_Generic" part="Conn_01x02">
      <description>Generic connector, single row, 01x02, script generated (kicad-library-utils/schlib/autogen/connector/)</description>
      <docs>~</docs>
      <footprints>
        <fp>Connector*:*_1x??_*</fp>
      </footprints>
      <fields>
        <field name="Reference">J</field>
        <field name="Value">Conn_01x02</field>
        <field name="Datasheet">~</field>
      </fields>
      <pins>
        <pin num="1" name="Pin_1" type="passive"/>
        <pin num="2" name="Pin_2" type="passive"/>
      </pins>
    </libpart>
    <libpart lib="Connector_Generic" part="Conn_01x03">
      <description>Generic connector, single row, 01x03, script generated (kicad-library-utils/schlib/autogen/connector/)</description>
      <docs>~</docs>
      <footprints>
        <fp>Connector*:*_1x??_*</fp>
      </footprints>
      <fields>
        <field name="Reference">J</field>
        <field name="Value">Conn_01x03</field>
        <field name="Datasheet">~</field>
      </fields>
      <pins>
        <pin num="1" name="Pin_1" type="passive"/>
        <pin num="2" name="Pin_2" type="passive"/>
        <pin num="3" name="Pin_3" type="passive"/>
      </pins>
    </libpart>
    <libpart lib="Connector_Generic" part="Conn_01x05">
      <description>Generic connector, single row, 01x05, script generated (kicad-library-utils/schlib/autogen/connector/)</description>
      <docs>~</docs>
      <footprints>
        <fp>Connector*:*_1x??_*</fp>
      </footprints>
      <fields>
        <field name="Reference">J</field>
        <field name="Value">Conn_01x05</field>
        <field name="Datasheet">~</field>
      </fields>
      <pins>
        <pin num="1" name="Pin_1" type="passive"/>
        <pin num="2" name="Pin_2" type="passive"/>
        <pin num="3" name="Pin_3" type="passive"/>
        <pin num="4" name="Pin_4" type="passive"/>
        <pin num="5" name="Pin_5" type="passive"/>
      </pins>
    </libpart>
    <libpart lib="Converter_ACDC" part="HLK-PM12">
      <description>Compact AC/DC board mount power module 3W 12V</description>
      <docs>http://www.hlktech.net/product_detail.php?ProId=56</docs>
      <footprints>
        <fp>Converter*ACDC*HiLink*HLK?PM*</fp>
      </footprints>
      <fields>
        <field name="Reference">PS</field>
        <field name="Value">HLK-PM12</field>
        <field name="Footprint">Converter_ACDC:Converter_ACDC_HiLink_HLK-PMxx</field>
        <field name="Datasheet">http://www.hlktech.net/product_detail.php?ProId=56</field>
      </fields>
      <pins>
        <pin num="1" name="AC/L" type="power_in"/>
        <pin num="2" name="AC/N" type="power_in"/>
        <pin num="3" name="-Vout" type="power_out"/>
        <pin num="4" name="+Vout" type="power_out"/>
      </pins>
    </libpart>
    <libpart lib="Device" part="C">
      <description>Unpolarized capacitor</description>
      <docs>~</docs>
      <footprints>
        <fp>C_*</fp>
      </footprints>
      <fields>
        <field name="Reference">C</field>
        <field name="Value">C</field>
        <field name="Datasheet">~</field>
      </fields>
      <pins>
        <pin num="1" name="" type="passive"/>
        <pin num="2" name="" type="passive"/>
      </pins>
    </libpart>
    <libpart lib="Device" part="C_Polarized">
      <description>Polarized capacitor</description>
      <docs>~</docs>
      <footprints>
        <fp>CP_*</fp>
      </footprints>
      <fields>
        <field name="Reference">C</field>
        <field name="Value">C_Polarized</field>
        <field name="Datasheet">~</field>
      </fields>
      <pins>
        <pin num="1" name="" type="passive"/>
        <pin num="2" name="" type="passive"/>
      </pins>
    </libpart>
    <libpart lib="Device" part="L">
      <description>Inductor</description>
      <docs>~</docs>
      <footprints>
        <fp>Choke_*</fp>
        <fp>*Coil*</fp>
        <fp>Inductor_*</fp>
        <fp>L_*</fp>
      </footprints>
      <fields>
        <field name="Reference">L</field>
        <field name="Value">L</field>
        <field name="Datasheet">~</field>
      </fields>
      <pins>
        <pin num="1" name="1" type="passive"/>
        <pin num="2" name="2" type="passive"/>
      </pins>
    </libpart>
    <libpart lib="Device" part="LED">
      <description>Light emitting diode</description>
      <docs>~</docs>
      <footprints>
        <fp>LED*</fp>
        <fp>LED_SMD:*</fp>
        <fp>LED_THT:*</fp>
      </footprints>
      <fields>
        <field name="Reference">D</field>
        <field name="Value">LED</field>
        <field name="Datasheet">~</field>
      </fields>
      <pins>
        <pin num="1" name="K" type="passive"/>
        <pin num="2" name="A" type="passive"/>
      </pins>
    </libpart>
    <libpart lib="Device" part="R">
      <description>Resistor</description>
      <docs>~</docs>
      <footprints>
        <fp>R_*</fp>
      </footprints>
      <fields>
        <field name="Reference">R</field>
        <field name="Value">R</field>
        <field name="Datasheet">~</field>
      </fields>
      <pins>
        <pin num="1" name="" type="passive"/>
        <pin num="2" name="" type="passive"/>
      </pins>
    </libpart>
    <libpart lib="Device" part="R_Potentiometer">
      <description>Potentiometer</description>
      <docs>~</docs>
      <footprints>
        <fp>Potentiometer*</fp>
      </footprints>
      <fields>
        <field name="Reference">RV</field>
        <field name="Value">R_Potentiometer</field>
        <field name="Datasheet">~</field>
      </fields>
      <pins>
        <pin num="1" name="1" type="passive"/>
        <pin num="2" name="2" type="passive"/>
        <pin num="3" name="3" type="passive"/>
      </pins>
    </libpart>
    <libpart lib="Device" part="Varistor">
      <description>Voltage dependent resistor</description>
      <docs>~</docs>
      <footprints>
        <fp>RV_*</fp>
        <fp>Varistor*</fp>
      </footprints>
      <fields>
        <field name="Reference">RV</field>
        <field name="Value">Varistor</field>
        <field name="Datasheet">~</field>
      </fields>
      <pins>
        <pin num="1" name="" type="passive"/>
        <pin num="2" name="" type="passive"/>
      </pins>
    </libpart>
    <libpart lib="Diode" part="1N4007">
      <description>1000V 1A General Purpose Rectifier Diode, DO-41</description>
      <docs>http://www.vishay.com/docs/88503/1n4001.pdf</docs>
      <footprints>
        <fp>D*DO?41*</fp>
      </footprints>
      <fields>
        <field name="Reference">D</field>
        <field name="Value">1N4007</field>
        <field name="Footprint">Diode_THT:D_DO-41_SOD81_P10.16mm_Horizontal</field>
        <field name="Datasheet">http://www.vishay.com/docs/88503/1n4001.pdf</field>
      </fields>
      <pins>
        <pin num="1" name="K" type="passive"/>
        <pin num="2" name="A" type="passive"/>
      </pins>
    </libpart>
    <libpart lib="Display_Character" part="LCD-016N002L">
      <description>LCD 12x2, 8 bit parallel bus, 3V or 5V VDD</description>
      <docs>http://www.vishay.com/docs/37299/37299.pdf</docs>
      <footprints>
        <fp>*LCD*016N002L*</fp>
      </footprints>
      <fields>
        <field name="Reference">U</field>
        <field name="Value">LCD-016N002L</field>
        <field name="Footprint">Display:LCD-016N002L</field>
        <field name="Datasheet">http://www.vishay.com/docs/37299/37299.pdf</field>
      </fields>
      <pins>
        <pin num="1" name="VSS" type="power_in"/>
        <pin num="2" name="VDD" type="power_in"/>
        <pin num="3" name="VO" type="input"/>
        <pin num="4" name="RS" type="input"/>
        <pin num="5" name="R/~{W}" type="input"/>
        <pin num="6" name="E" type="input"/>
        <pin num="7" name="DB0" type="bidirectional"/>
        <pin num="8" name="DB1" type="bidirectional"/>
        <pin num="9" name="DB2" type="bidirectional"/>
        <pin num="10" name="DB3" type="bidirectional"/>
        <pin num="11" name="DB4" type="bidirectional"/>
        <pin num="12" name="DB5" type="bidirectional"/>
        <pin num="13" name="DB6" type="bidirectional"/>
        <pin num="14" name="DB7" type="bidirectional"/>
        <pin num="15" name="A/VEE" type="power_in"/>
        <pin num="16" name="K" type="power_in"/>
        <pin num="A1" name="A1" type="power_in"/>
        <pin num="A2" name="A2" type="power_in"/>
        <pin num="K1" name="K1" type="power_in"/>
        <pin num="K2" name="K2" type="power_in"/>
      </pins>
    </libpart>
    <libpart lib="MCU_ST_STM32F4" part="STM32F401CCUx">
      <description>ARM Cortex-M4 MCU, 256KB flash, 64KB RAM, 84MHz, 1.7-3.6V, 36 GPIO, UFQFPN-48</description>
      <docs>http://www.st.com/st-web-ui/static/active/en/resource/technical/document/datasheet/DM00086815.pdf</docs>
      <footprints>
        <fp>QFN*1EP*7x7mm*P0.5mm*</fp>
      </footprints>
      <fields>
        <field name="Reference">U</field>
        <field name="Value">STM32F401CCUx</field>
        <field name="Footprint">Package_DFN_QFN:QFN-48-1EP_7x7mm_P0.5mm_EP5.6x5.6mm</field>
        <field name="Datasheet">http://www.st.com/st-web-ui/static/active/en/resource/technical/document/datasheet/DM00086815.pdf</field>
      </fields>
      <pins>
        <pin num="1" name="VBAT" type="power_in"/>
        <pin num="2" name="PC13" type="bidirectional"/>
        <pin num="3" name="PC14" type="bidirectional"/>
        <pin num="4" name="PC15" type="bidirectional"/>
        <pin num="5" name="PH0" type="input"/>
        <pin num="6" name="PH1" type="input"/>
        <pin num="7" name="NRST" type="input"/>
        <pin num="8" name="VSSA" type="power_in"/>
        <pin num="9" name="VREF+" type="power_in"/>
        <pin num="10" name="PA0" type="bidirectional"/>
        <pin num="11" name="PA1" type="bidirectional"/>
        <pin num="12" name="PA2" type="bidirectional"/>
        <pin num="13" name="PA3" type="bidirectional"/>
        <pin num="14" name="PA4" type="bidirectional"/>
        <pin num="15" name="PA5" type="bidirectional"/>
        <pin num="16" name="PA6" type="bidirectional"/>
        <pin num="17" name="PA7" type="bidirectional"/>
        <pin num="18" name="PB0" type="bidirectional"/>
        <pin num="19" name="PB1" type="bidirectional"/>
        <pin num="20" name="PB2" type="bidirectional"/>
        <pin num="21" name="PB10" type="bidirectional"/>
        <pin num="22" name="VCAP1" type="power_in"/>
        <pin num="23" name="VSS" type="power_in"/>
        <pin num="24" name="VDD" type="power_in"/>
        <pin num="25" name="PB12" type="bidirectional"/>
        <pin num="26" name="PB13" type="bidirectional"/>
        <pin num="27" name="PB14" type="bidirectional"/>
        <pin num="28" name="PB15" type="bidirectional"/>
        <pin num="29" name="PA8" type="bidirectional"/>
        <pin num="30" name="PA9" type="bidirectional"/>
        <pin num="31" name="PA10" type="bidirectional"/>
        <pin num="32" name="PA11" type="bidirectional"/>
        <pin num="33" name="PA12" type="bidirectional"/>
        <pin num="34" name="PA13" type="bidirectional"/>
        <pin num="35" name="VSS" type="power_in"/>
        <pin num="36" name="VDD" type="power_in"/>
        <pin num="37" name="PA14" type="bidirectional"/>
        <pin num="38" name="PA15" type="bidirectional"/>
        <pin num="39" name="PB3" type="bidirectional"/>
        <pin num="40" name="PB4" type="bidirectional"/>
        <pin num="41" name="PB5" type="bidirectional"/>
        <pin num="42" name="PB6" type="bidirectional"/>
        <pin num="43" name="PB7" type="bidirectional"/>
        <pin num="44" name="BOOT0" type="input"/>
        <pin num="45" name="PB8" type="bidirectional"/>
        <pin num="46" name="PB9" type="bidirectional"/>
        <pin num="47" name="VSS" type="power_in"/>
        <pin num="48" name="VDD" type="power_in"/>
        <pin num="49" name="VSS" type="power_in"/>
      </pins>
    </libpart>
    <libpart lib="Memory_Flash" part="W25Q32JVSS">
      <description>32Mb Serial Flash Memory, Standard/Dual/Quad SPI, SOIC-8</description>
      <docs>http://www.winbond.com/resource-files/w25q32jv%20revg%2003272018%20plus.pdf</docs>
      <footprints>
        <fp>SOIC*5.23x5.23mm*P1.27mm*</fp>
      </footprints>
      <fields>
        <field name="Reference">U</field>
        <field name="Value">W25Q32JVSS</field>
        <field name="Footprint">Package_SO:SOIC-8_5.23x5.23mm_P1.27mm</field>
        <field name="Datasheet">http://www.winbond.com/resource-files/w25q32jv%20revg%2003272018%20plus.pdf</field>
      </fields>
      <pins>
        <pin num="1" name="~{CS}" type="input"/>
        <pin num="2" name="DO(IO1)" type="bidirectional"/>
        <pin num="3" name="IO2" type="bidirectional"/>
        <pin num="4" name="GND" type="power_in"/>
        <pin num="5" name="DI(IO0)" type="bidirectional"/>
        <pin num="6" name="CLK" type="input"/>
        <pin num="7" name="IO3" type="bidirectional"/>
        <pin num="8" name="VCC" type="power_in"/>
      </pins>
    </libpart>
    <libpart lib="Regulator_Linear" part="LM1117-3.3">
      <description>800mA Low-Dropout Linear Regulator, 3.3V fixed output, TO-220/TO-252/TO-263/SOT-223</description>
      <docs>http://www.ti.com/lit/ds/symlink/lm1117.pdf</docs>
      <footprints>
        <fp>SOT?223*</fp>
        <fp>TO?263*</fp>
        <fp>TO?252*</fp>
        <fp>TO?220*</fp>
      </footprints>
      <fields>
        <field name="Reference">U</field>
        <field name="Value">LM1117-3.3</field>
        <field name="Datasheet">http://www.ti.com/lit/ds/symlink/lm1117.pdf</field>
      </fields>
      <pins>
        <pin num="1" name="GND" type="power_in"/>
        <pin num="2" name="VO" type="power_out"/>
        <pin num="3" name="VI" type="power_in"/>
      </pins>
    </libpart>
    <libpart lib="Relay" part="SANYOU_SRD_Form_A">
      <description>Sanyo SRD relay, Single Pole Miniature Power Relay, Closing Contact</description>
      <docs>http://www.sanyourelay.ca/public/products/pdf/SRD.pdf</docs>
      <footprints>
        <fp>Relay*SPST*SANYOU*SRD*Series*Form*A*</fp>
      </footprints>
      <fields>
        <field name="Reference">K</field>
        <field name="Value">SANYOU_SRD_Form_A</field>
        <field name="Footprint">Relay_THT:Relay_SPST_SANYOU_SRD_Series_Form_A</field>
        <field name="Datasheet">http://www.sanyourelay.ca/public/products/pdf/SRD.pdf</field>
      </fields>
      <pins>
        <pin num="1" name="" type="passive"/>
        <pin num="2" name="" type="passive"/>
        <pin num="3" name="" type="passive"/>
        <pin num="5" name="" type="passive"/>
      </pins>
    </libpart>
    <libpart lib="SamacSys_Parts" part="SF-2410SP050W-2">
      <description>Surface Mount Fuses 0.5A Time Lag 2410 SinglFuse</description>
      <docs>https://www.bourns.com/docs/Product-Datasheets/SF-2410SPxxxW.pdf</docs>
      <fields>
        <field name="Reference">F</field>
        <field name="Value">SF-2410SP050W-2</field>
        <field name="Footprint">FUSC6125X236N</field>
        <field name="Datasheet">https://www.bourns.com/docs/Product-Datasheets/SF-2410SPxxxW.pdf</field>
        <field name="Description">Surface Mount Fuses 0.5A Time Lag 2410 SinglFuse</field>
        <field name="Height">2.36</field>
        <field name="Mouser Part Number">652-SF-2410SP050W-2</field>
        <field name="Mouser Price/Stock">https://www.mouser.co.uk/ProductDetail/Bourns/SF-2410SP050W-2?qs=55YtniHzbhAbLtmcAyIlLQ%3D%3D</field>
        <field name="Manufacturer_Name">Bourns</field>
        <field name="Manufacturer_Part_Number">SF-2410SP050W-2</field>
      </fields>
      <pins>
        <pin num="1" name="" type="passive"/>
        <pin num="2" name="" type="passive"/>
      </pins>
    </libpart>
    <libpart lib="Switch" part="SW_MEC_5E">
      <description>MEC 5E single pole normally-open tactile switch</description>
      <docs>http://www.apem.com/int/index.php?controller=attachment&amp;id_attachment=1371</docs>
      <footprints>
        <fp>SW*MEC*5G*</fp>
      </footprints>
      <fields>
        <field name="Reference">SW</field>
        <field name="Value">SW_MEC_5E</field>
        <field name="Datasheet">http://www.apem.com/int/index.php?controller=attachment&amp;id_attachment=1371</field>
      </fields>
      <pins>
        <pin num="1" name="1" type="passive"/>
        <pin num="2" name="2" type="passive"/>
        <pin num="3" name="K" type="passive"/>
        <pin num="4" name="A" type="passive"/>
      </pins>
    </libpart>
    <libpart lib="Transistor_BJT" part="BC547">
      <description>0.1A Ic, 45V Vce, Small Signal NPN Transistor, TO-92</description>
      <docs>https://www.onsemi.com/pub/Collateral/BC550-D.pdf</docs>
      <footprints>
        <fp>TO?92*</fp>
      </footprints>
      <fields>
        <field name="Reference">Q</field>
        <field name="Value">BC547</field>
        <field name="Footprint">Package_TO_SOT_THT:TO-92_Inline</field>
        <field name="Datasheet">https://www.onsemi.com/pub/Collateral/BC550-D.pdf</field>
      </fields>
      <pins>
        <pin num="1" name="C" type="passive"/>
        <pin num="2" name="B" type="input"/>
        <pin num="3" name="E" type="passive"/>
      </pins>
    </libpart>
  </libparts>
  <libraries>
    <library logical="Connector">
      <uri>C:\Program Files\KiCad\6.0\share\kicad\symbols\/Connector.kicad_sym</uri>
    </library>
    <library logical="Connector_Generic">
      <uri>C:\Program Files\KiCad\6.0\share\kicad\symbols\/Connector_Generic.kicad_sym</uri>
    </library>
    <library logical="Converter_ACDC">
      <uri>C:\Program Files\KiCad\6.0\share\kicad\symbols\/Converter_ACDC.kicad_sym</uri>
    </library>
    <library logical="Device">
      <uri>C:\Program Files\KiCad\6.0\share\kicad\symbols\/Device.kicad_sym</uri>
    </library>
    <library logical="Diode">
      <uri>C:\Program Files\KiCad\6.0\share\kicad\symbols\/Diode.kicad_sym</uri>
    </library>
    <library logical="Display_Character">
      <uri>C:\Program Files\KiCad\6.0\share\kicad\symbols\/Display_Character.kicad_sym</uri>
    </library>
    <library logical="MCU_ST_STM32F4">
      <uri>C:\Program Files\KiCad\6.0\share\kicad\symbols\/MCU_ST_STM32F4.kicad_sym</uri>
    </library>
    <library logical="Memory_Flash">
      <uri>C:\Program Files\KiCad\6.0\share\kicad\symbols\/Memory_Flash.kicad_sym</uri>
    </library>
    <library logical="Regulator_Linear">
      <uri>C:\Program Files\KiCad\6.0\share\kicad\symbols\/Regulator_Linear.kicad_sym</uri>
    </library>
    <library logical="Relay">
      <uri>C:\Program Files\KiCad\6.0\share\kicad\symbols\/Relay.kicad_sym</uri>
    </library>
    <library logical="SamacSys_Parts">
      <uri>C:/Users/gabri/Desktop/semb/scale/SamacSys_Parts.lib</uri>
    </library>
    <library logical="Switch">
      <uri>C:\Program Files\KiCad\6.0\share\kicad\symbols\/Switch.kicad_sym</uri>
    </library>
    <library logical="Transistor_BJT">
      <uri>C:\Program Files\KiCad\6.0\share\kicad\symbols\/Transistor_BJT.kicad_sym</uri>
    </library>
  </libraries>
  <nets>
    <net code="1" name="+3V3">
      <node ref="C1" pin="1" pintype="passive"/>
      <node ref="C10" pin="1" pintype="passive"/>
      <node ref="C13" pin="1" pintype="passive"/>
      <node ref="C2" pin="1" pintype="passive"/>
      <node ref="C4" pin="1" pintype="passive"/>
      <node ref="C6" pin="1" pintype="passive"/>
      <node ref="C9" pin="1" pintype="passive"/>
      <node ref="J2" pin="1" pinfunction="Pin_1" pintype="passive"/>
      <node ref="L1" pin="1" pinfunction="1" pintype="passive"/>
      <node ref="R3" pin="2" pintype="passive"/>
      <node ref="RV2" pin="1" pinfunction="1" pintype="passive"/>
      <node ref="U1" pin="1" pinfunction="VBAT" pintype="power_in"/>
      <node ref="U1" pin="24" pinfunction="VDD" pintype="power_in"/>
      <node ref="U1" pin="36" pinfunction="VDD" pintype="power_in"/>
      <node ref="U1" pin="48" pinfunction="VDD" pintype="power_in"/>
      <node ref="U2" pin="2" pinfunction="VO" pintype="power_out"/>
      <node ref="U3" pin="2" pinfunction="Pin_2" pintype="passive"/>
      <node ref="U4" pin="15" pinfunction="A/VEE" pintype="power_in"/>
      <node ref="U4" pin="2" pinfunction="VDD" pintype="power_in"/>
      <node ref="U5" pin="3" pinfunction="IO2" pintype="bidirectional"/>
      <node ref="U5" pin="7" pinfunction="IO3" pintype="bidirectional"/>
      <node ref="U5" pin="8" pinfunction="VCC" pintype="power_in"/>
    </net>
    <net code="2" name="+12V">
      <node ref="C12" pin="1" pintype="passive"/>
      <node ref="C7" pin="1" pintype="passive"/>
      <node ref="C8" pin="1" pintype="passive"/>
      <node ref="D3" pin="2" pinfunction="A" pintype="passive"/>
      <node ref="D4" pin="1" pinfunction="K" pintype="passive"/>
      <node ref="K1" pin="1" pintype="passive"/>
      <node ref="K1" pin="5" pintype="passive"/>
      <node ref="PS1" pin="4" pinfunction="+Vout" pintype="power_out"/>
      <node ref="R2" pin="1" pintype="passive"/>
      <node ref="U2" pin="3" pinfunction="VI" pintype="power_in"/>
    </net>
    <net code="3" name="/BT1">
      <node ref="SW1" pin="1" pinfunction="1" pintype="passive"/>
      <node ref="SW1" pin="2" pinfunction="2" pintype="passive"/>
      <node ref="U1" pin="18" pinfunction="PB0" pintype="bidirectional"/>
    </net>
    <net code="4" name="/BT2">
      <node ref="SW2" pin="1" pinfunction="1" pintype="passive"/>
      <node ref="SW2" pin="2" pinfunction="2" pintype="passive"/>
      <node ref="U1" pin="19" pinfunction="PB1" pintype="bidirectional"/>
    </net>
    <net code="5" name="/BT3">
      <node ref="SW3" pin="1" pinfunction="1" pintype="passive"/>
      <node ref="SW3" pin="2" pinfunction="2" pintype="passive"/>
      <node ref="U1" pin="20" pinfunction="PB2" pintype="bidirectional"/>
    </net>
    <net code="6" name="/F_CS">
      <node ref="U1" pin="38" pinfunction="PA15" pintype="bidirectional"/>
      <node ref="U5" pin="1" pinfunction="~{CS}" pintype="input"/>
    </net>
    <net code="7" name="/LCD-DB4">
      <node ref="U1" pin="14" pinfunction="PA4" pintype="bidirectional"/>
      <node ref="U4" pin="11" pinfunction="DB4" pintype="bidirectional"/>
    </net>
    <net code="8" name="/LCD-DB5">
      <node ref="U1" pin="13" pinfunction="PA3" pintype="bidirectional"/>
      <node ref="U4" pin="12" pinfunction="DB5" pintype="bidirectional"/>
    </net>
    <net code="9" name="/LCD-DB6">
      <node ref="U1" pin="12" pinfunction="PA2" pintype="bidirectional"/>
      <node ref="U4" pin="13" pinfunction="DB6" pintype="bidirectional"/>
    </net>
    <net code="10" name="/LCD-DB7">
      <node ref="U1" pin="11" pinfunction="PA1" pintype="bidirectional"/>
      <node ref="U4" pin="14" pinfunction="DB7" pintype="bidirectional"/>
    </net>
    <net code="11" name="/LCD-E">
      <node ref="U1" pin="21" pinfunction="PB10" pintype="bidirectional"/>
      <node ref="U4" pin="6" pinfunction="E" pintype="input"/>
    </net>
    <net code="12" name="/LCD-RS">
      <node ref="U1" pin="43" pinfunction="PB7" pintype="bidirectional"/>
      <node ref="U4" pin="4" pinfunction="RS" pintype="input"/>
    </net>
    <net code="13" name="/MISO">
      <node ref="U1" pin="40" pinfunction="PB4" pintype="bidirectional"/>
      <node ref="U5" pin="2" pinfunction="DO(IO1)" pintype="bidirectional"/>
    </net>
    <net code="14" name="/MOSI">
      <node ref="U1" pin="17" pinfunction="PA7" pintype="bidirectional"/>
      <node ref="U5" pin="5" pinfunction="DI(IO0)" pintype="bidirectional"/>
    </net>
    <net code="15" name="/PWR_IN1">
      <node ref="F1" pin="1" pintype="passive"/>
      <node ref="J1" pin="2" pinfunction="Pin_2" pintype="passive"/>
    </net>
    <net code="16" name="/PWR_IN2">
      <node ref="F1" pin="2" pintype="passive"/>
      <node ref="PS1" pin="1" pinfunction="AC/L" pintype="power_in"/>
      <node ref="RV1" pin="1" pintype="passive"/>
    </net>
    <net code="17" name="/RELE">
      <node ref="R4" pin="1" pintype="passive"/>
      <node ref="U1" pin="31" pinfunction="PA10" pintype="bidirectional"/>
    </net>
    <net code="18" name="/SCK">
      <node ref="U1" pin="15" pinfunction="PA5" pintype="bidirectional"/>
      <node ref="U5" pin="6" pinfunction="CLK" pintype="input"/>
    </net>
    <net code="19" name="/SWCLK">
      <node ref="J2" pin="3" pinfunction="Pin_3" pintype="passive"/>
      <node ref="U1" pin="37" pinfunction="PA14" pintype="bidirectional"/>
    </net>
    <net code="20" name="/SWDIO">
      <node ref="J2" pin="2" pinfunction="Pin_2" pintype="passive"/>
      <node ref="U1" pin="34" pinfunction="PA13" pintype="bidirectional"/>
    </net>
    <net code="21" name="/SWO">
      <node ref="J2" pin="4" pinfunction="Pin_4" pintype="passive"/>
      <node ref="U1" pin="39" pinfunction="PB3" pintype="bidirectional"/>
    </net>
    <net code="22" name="/VREF">
      <node ref="C11" pin="1" pintype="passive"/>
      <node ref="L1" pin="2" pinfunction="2" pintype="passive"/>
      <node ref="U1" pin="9" pinfunction="VREF+" pintype="power_in"/>
    </net>
    <net code="23" name="GND">
      <node ref="C1" pin="2" pintype="passive"/>
      <node ref="C10" pin="2" pintype="passive"/>
      <node ref="C11" pin="2" pintype="passive"/>
      <node ref="C12" pin="2" pintype="passive"/>
      <node ref="C13" pin="2" pintype="passive"/>
      <node ref="C2" pin="2" pintype="passive"/>
      <node ref="C3" pin="2" pintype="passive"/>
      <node ref="C4" pin="2" pintype="passive"/>
      <node ref="C5" pin="2" pintype="passive"/>
      <node ref="C6" pin="2" pintype="passive"/>
      <node ref="C7" pin="2" pintype="passive"/>
      <node ref="C8" pin="2" pintype="passive"/>
      <node ref="C9" pin="2" pintype="passive"/>
      <node ref="D1" pin="1" pinfunction="K" pintype="passive"/>
      <node ref="D2" pin="1" pinfunction="K" pintype="passive"/>
      <node ref="J2" pin="5" pinfunction="Pin_5" pintype="passive"/>
      <node ref="J3" pin="2" pinfunction="Pin_2" pintype="passive"/>
      <node ref="PS1" pin="3" pinfunction="-Vout" pintype="power_out"/>
      <node ref="Q1" pin="3" pinfunction="E" pintype="passive"/>
      <node ref="R1" pin="2" pintype="passive"/>
      <node ref="R6" pin="1" pintype="passive"/>
      <node ref="RV2" pin="3" pinfunction="3" pintype="passive"/>
      <node ref="SW1" pin="3" pinfunction="K" pintype="passive"/>
      <node ref="SW1" pin="4" pinfunction="A" pintype="passive"/>
      <node ref="SW2" pin="3" pinfunction="K" pintype="passive"/>
      <node ref="SW2" pin="4" pinfunction="A" pintype="passive"/>
      <node ref="SW3" pin="3" pinfunction="K" pintype="passive"/>
      <node ref="SW3" pin="4" pinfunction="A" pintype="passive"/>
      <node ref="U1" pin="23" pinfunction="VSS" pintype="power_in"/>
      <node ref="U1" pin="35" pinfunction="VSS" pintype="power_in"/>
      <node ref="U1" pin="47" pinfunction="VSS" pintype="power_in"/>
      <node ref="U1" pin="49" pinfunction="VSS" pintype="power_in"/>
      <node ref="U1" pin="8" pinfunction="VSSA" pintype="power_in"/>
      <node ref="U2" pin="1" pinfunction="GND" pintype="power_in"/>
      <node ref="U3" pin="3" pinfunction="Pin_3" pintype="passive"/>
      <node ref="U4" pin="1" pinfunction="VSS" pintype="power_in"/>
      <node ref="U4" pin="16" pinfunction="K" pintype="power_in"/>
      <node ref="U4" pin="5" pinfunction="R/~{W}" pintype="input"/>
      <node ref="U5" pin="4" pinfunction="GND" pintype="power_in"/>
    </net>
    <net code="24" name="Net-(C3-Pad1)">
      <node ref="C3" pin="1" pintype="passive"/>
      <node ref="U1" pin="7" pinfunction="NRST" pintype="input"/>
    </net>
    <net code="25" name="Net-(C5-Pad1)">
      <node ref="C5" pin="1" pintype="passive"/>
      <node ref="U1" pin="22" pinfunction="VCAP1" pintype="power_in"/>
    </net>
    <net code="26" name="Net-(D1-Pad2)">
      <node ref="D1" pin="2" pinfunction="A" pintype="passive"/>
      <node ref="R2" pin="2" pintype="passive"/>
    </net>
    <net code="27" name="Net-(D2-Pad2)">
      <node ref="D2" pin="2" pinfunction="A" pintype="passive"/>
      <node ref="R3" pin="1" pintype="passive"/>
    </net>
    <net code="28" name="Net-(D3-Pad1)">
      <node ref="D3" pin="1" pinfunction="K" pintype="passive"/>
      <node ref="R5" pin="1" pintype="passive"/>
    </net>
    <net code="29" name="Net-(D4-Pad2)">
      <node ref="D4" pin="2" pinfunction="A" pintype="passive"/>
      <node ref="K1" pin="2" pintype="passive"/>
      <node ref="Q1" pin="1" pinfunction="C" pintype="passive"/>
      <node ref="R5" pin="2" pintype="passive"/>
    </net>
    <net code="30" name="Net-(J1-Pad1)">
      <node ref="J1" pin="1" pinfunction="Pin_1" pintype="passive"/>
      <node ref="PS1" pin="2" pinfunction="AC/N" pintype="power_in"/>
      <node ref="RV1" pin="2" pintype="passive"/>
    </net>
    <net code="31" name="Net-(J3-Pad1)">
      <node ref="J3" pin="1" pinfunction="Pin_1" pintype="passive"/>
      <node ref="K1" pin="3" pintype="passive"/>
    </net>
    <net code="32" name="Net-(Q1-Pad2)">
      <node ref="Q1" pin="2" pinfunction="B" pintype="input"/>
      <node ref="R4" pin="2" pintype="passive"/>
      <node ref="R6" pin="2" pintype="passive"/>
    </net>
    <net code="33" name="Net-(R1-Pad1)">
      <node ref="R1" pin="1" pintype="passive"/>
      <node ref="U1" pin="44" pinfunction="BOOT0" pintype="input"/>
    </net>
    <net code="34" name="Net-(RV2-Pad2)">
      <node ref="RV2" pin="2" pinfunction="2" pintype="passive"/>
      <node ref="U4" pin="3" pinfunction="VO" pintype="input"/>
    </net>
    <net code="35" name="Net-(U1-Pad10)">
      <node ref="U1" pin="10" pinfunction="PA0" pintype="bidirectional"/>
      <node ref="U3" pin="1" pinfunction="Pin_1" pintype="passive"/>
    </net>
    <net code="36" name="unconnected-(U1-Pad2)">
      <node ref="U1" pin="2" pinfunction="PC13" pintype="bidirectional+no_connect"/>
    </net>
    <net code="37" name="unconnected-(U1-Pad3)">
      <node ref="U1" pin="3" pinfunction="PC14" pintype="bidirectional+no_connect"/>
    </net>
    <net code="38" name="unconnected-(U1-Pad4)">
      <node ref="U1" pin="4" pinfunction="PC15" pintype="bidirectional+no_connect"/>
    </net>
    <net code="39" name="unconnected-(U1-Pad5)">
      <node ref="U1" pin="5" pinfunction="PH0" pintype="input+no_connect"/>
    </net>
    <net code="40" name="unconnected-(U1-Pad6)">
      <node ref="U1" pin="6" pinfunction="PH1" pintype="input+no_connect"/>
    </net>
    <net code="41" name="unconnected-(U1-Pad16)">
      <node ref="U1" pin="16" pinfunction="PA6" pintype="bidirectional+no_connect"/>
    </net>
    <net code="42" name="unconnected-(U1-Pad25)">
      <node ref="U1" pin="25" pinfunction="PB12" pintype="bidirectional+no_connect"/>
    </net>
    <net code="43" name="unconnected-(U1-Pad26)">
      <node ref="U1" pin="26" pinfunction="PB13" pintype="bidirectional+no_connect"/>
    </net>
    <net code="44" name="unconnected-(U1-Pad27)">
      <node ref="U1" pin="27" pinfunction="PB14" pintype="bidirectional+no_connect"/>
    </net>
    <net code="45" name="unconnected-(U1-Pad28)">
      <node ref="U1" pin="28" pinfunction="PB15" pintype="bidirectional+no_connect"/>
    </net>
    <net code="46" name="unconnected-(U1-Pad29)">
      <node ref="U1" pin="29" pinfunction="PA8" pintype="bidirectional+no_connect"/>
    </net>
    <net code="47" name="unconnected-(U1-Pad30)">
      <node ref="U1" pin="30" pinfunction="PA9" pintype="bidirectional+no_connect"/>
    </net>
    <net code="48" name="unconnected-(U1-Pad32)">
      <node ref="U1" pin="32" pinfunction="PA11" pintype="bidirectional+no_connect"/>
    </net>
    <net code="49" name="unconnected-(U1-Pad33)">
      <node ref="U1" pin="33" pinfunction="PA12" pintype="bidirectional+no_connect"/>
    </net>
    <net code="50" name="unconnected-(U1-Pad41)">
      <node ref="U1" pin="41" pinfunction="PB5" pintype="bidirectional+no_connect"/>
    </net>
    <net code="51" name="unconnected-(U1-Pad42)">
      <node ref="U1" pin="42" pinfunction="PB6" pintype="bidirectional+no_connect"/>
    </net>
    <net code="52" name="unconnected-(U1-Pad45)">
      <node ref="U1" pin="45" pinfunction="PB8" pintype="bidirectional+no_connect"/>
    </net>
    <net code="53" name="unconnected-(U1-Pad46)">
      <node ref="U1" pin="46" pinfunction="PB9" pintype="bidirectional+no_connect"/>
    </net>
    <net code="54" name="unconnected-(U4-Pad7)">
      <node ref="U4" pin="7" pinfunction="DB0" pintype="bidirectional+no_connect"/>
    </net>
    <net code="55" name="unconnected-(U4-Pad8)">
      <node ref="U4" pin="8" pinfunction="DB1" pintype="bidirectional+no_connect"/>
    </net>
    <net code="56" name="unconnected-(U4-Pad9)">
      <node ref="U4" pin="9" pinfunction="DB2" pintype="bidirectional+no_connect"/>
    </net>
    <net code="57" name="unconnected-(U4-Pad10)">
      <node ref="U4" pin="10" pinfunction="DB3" pintype="bidirectional+no_connect"/>
    </net>
    <net code="58" name="unconnected-(U4-PadA1)">
      <node ref="U4" pin="A1" pinfunction="A1" pintype="power_in+no_connect"/>
    </net>
    <net code="59" name="unconnected-(U4-PadA2)">
      <node ref="U4" pin="A2" pinfunction="A2" pintype="power_in+no_connect"/>
    </net>
    <net code="60" name="unconnected-(U4-PadK1)">
      <node ref="U4" pin="K1" pinfunction="K1" pintype="power_in+no_connect"/>
    </net>
    <net code="61" name="unconnected-(U4-PadK2)">
      <node ref="U4" pin="K2" pinfunction="K2" pintype="power_in+no_connect"/>
    </net>
  </nets>
</export>
